Player,Nation,General Position,Team,Age,Born,Matches Played,Starts,Minutes Played,Goals Against,Shots on Target Against,Saves,Clean Sheets,Penalty Kicks Attempted,Penalty Kicks Allowed,Penalty Kicks Saved,Penalty Kicks Missed,Post-Shot Expected Goals,Launched Passes Completed,Launched Passes Attempted,Passes Attempted (GK),Through Balls,Goal Kicks Attempted,Crosses Opposed,Crosses Stopped,Sweeper Actions,Penalties Winner,Efficiency,% Saves,% Long Passes,% Crosses Stopped
Abraham Romero,mx MEX,Goalkeeper,Columbus Crew,25,1998,1,1,90,97,12,55,98,15,18,36,43,3,6,5,83,6,3,2,6,65,31,92,98,38,6
Adam Beaudry,us USA,Goalkeeper,Colorado Rapids,17,2006,1,1,90,3,74,14,11,98,98,36,43,90,43,27,1,6,62,93,6,97,31,2,3,73,6
Adrian Šemper,hr CRO,Goalkeeper,Como,25,1998,38,38,3398,69,18,21,71,41,54,36,43,17,40,29,51,23,8,58,82,48,31,36,50,64,80
Adriel,br BRA,Goalkeeper,Bahia,23,2001,4,3,334,31,17,8,11,15,18,36,43,29,14,17,71,61,35,20,75,97,31,9,9,29,88
Agustín Marchesín,ar ARG,Goalkeeper,br Grêmio,35,1988,36,36,3225,65,59,74,63,85,86,88,43,38,59,65,27,25,60,76,52,25,83,67,79,42,43
Agustín Rossi,ar ARG,Goalkeeper,br Flamengo,28,1995,45,45,4050,77,21,26,66,49,41,83,88,26,45,33,70,57,23,23,77,38,86,66,59,63,87
Alan Aguerre,ar ARG,Goalkeeper,Lanús,33,1990,10,10,900,45,48,44,27,77,59,94,43,45,86,83,21,10,87,85,16,24,91,36,30,62,14
Alan Sosa,ar ARG,Goalkeeper,Tigre,27,1996,3,2,236,90,82,94,11,15,18,36,43,50,13,8,35,86,52,87,80,6,31,95,95,67,61
Alec Kann,us USA,Goalkeeper,FC Cincinnati,33,1990,3,3,270,50,19,14,11,15,18,36,43,14,13,15,20,79,54,76,6,6,31,11,17,32,6
Alec Smir,us USA,Goalkeeper,Minnesota Utd,24,1999,3,3,270,15,50,23,11,15,18,36,43,82,13,26,10,43,33,26,17,42,31,20,10,17,19
Alejandro Araque,ve VEN,Goalkeeper,ve Dep Táchira,28,1995,2,2,180,5,91,76,11,15,18,36,43,96,43,67,4,11,85,90,6,6,31,68,14,17,6
Alejandro Santander,cl CHI,Goalkeeper,cl Cobresal,21,2002,1,1,90,15,38,14,11,15,18,36,43,56,43,80,21,6,42,8,6,6,31,7,7,8,6
Alessandro Micai,it ITA,Goalkeeper,Cosenza,30,1993,37,37,3296,65,42,49,61,49,44,86,43,35,74,74,85,51,11,76,76,61,79,62,65,52,63
Alex Bono,us USA,Goalkeeper,D.C. United,29,1994,29,29,2610,19,53,33,25,46,59,36,43,81,97,94,74,36,30,22,24,92,31,24,14,90,30
Alex McCarthy,eng ENG,Goalkeeper,Southampton,33,1989,5,5,450,23,78,73,44,15,18,36,43,71,6,10,83,80,5,8,20,15,31,22,32,18,31
Alex Palmer,eng ENG,Goalkeeper,West Brom,26,1996,46,46,4140,72,17,18,82,62,50,90,88,21,22,33,82,53,12,30,43,77,90,52,35,18,48
Alexander Domínguez,ec ECU,Goalkeeper,ec LDU de Quito,36,1987,6,6,540,77,12,14,73,90,80,36,98,25,51,18,2,32,76,2,26,20,96,65,39,95,66
Alfonso Blanco Antúnez,mx MEX,Goalkeeper,León,36,1987,2,2,180,77,74,88,11,98,97,36,99,71,22,10,34,82,18,27,68,65,98,95,90,73,80
Alfredo Talavera,mx MEX,Goalkeeper,FC Juárez,40,1982,17,17,1469,12,80,68,11,72,83,36,43,84,56,64,51,57,75,76,29,31,31,21,21,39,24
Alisson,br BRA,Goalkeeper,Criciúma,28,1995,6,4,421,37,82,84,11,15,18,36,43,66,56,74,29,64,95,88,75,15,31,56,66,24,54
Aljaž Ivačič,si SVN,Goalkeeper,NE Revolution,30,1993,25,25,2250,8,93,89,35,77,76,83,43,92,52,63,40,13,67,43,18,24,75,33,26,34,19
Anatolii Trubin,ua UKR,Goalkeeper,Benfica,21,2001,28,28,2520,89,23,35,88,72,50,95,43,24,5,3,17,47,30,12,23,33,93,85,78,59,33
Anderson,br BRA,Goalkeeper,Cruzeiro,25,1998,17,17,1530,52,46,55,77,36,47,36,43,51,5,4,22,57,48,51,37,40,31,62,60,34,39
Andre Blake,jm JAM,Goalkeeper,Philadelphia Union,33,1990,14,14,1112,64,47,67,53,15,18,36,43,40,27,14,7,52,38,55,37,33,31,73,82,78,37
Andrea Fulignati,it ITA,Goalkeeper,Catanzaro,28,1994,37,37,3330,53,53,62,61,75,76,77,43,55,52,53,98,54,7,72,55,40,69,73,62,50,47
Andrea Sala,it ITA,Goalkeeper,Catanzaro,29,1993,1,1,90,3,97,98,11,98,98,36,43,99,2,5,96,6,6,33,6,97,31,99,39,3,6
Andrea Seculin,it ITA,Goalkeeper,Modena,33,1990,17,16,1487,45,31,25,40,84,83,88,43,50,49,42,76,9,11,46,24,37,83,41,22,60,24
Andreas Jungdal,dk DEN,Goalkeeper,Cremonese,21,2002,18,18,1620,92,21,40,93,36,47,36,43,13,29,26,74,87,11,31,74,56,31,78,88,47,81
Andrew,br BRA,Goalkeeper,Gil Vicente FC,22,2001,32,32,2880,41,55,58,63,82,76,88,43,54,35,49,57,65,84,59,54,76,83,40,44,28,51
Andrew Rick,us USA,Goalkeeper,Philadelphia Union,18,2006,6,6,540,15,81,76,37,15,18,36,43,85,86,84,13,18,69,33,26,65,31,24,33,59,28
Andrew Tarbell,us USA,Goalkeeper,Houston Dynamo,30,1993,4,3,288,34,89,90,11,89,18,98,43,81,35,23,50,84,9,51,16,6,97,78,46,72,16
Andrew Thomas,ru RUS,Goalkeeper,Seattle Sounders,25,1998,7,5,593,58,52,59,68,88,74,97,43,36,36,53,13,27,15,58,95,26,95,46,52,25,95
Andries Noppert,nl NED,Goalkeeper,Heerenveen,29,1994,22,22,1980,18,63,45,40,59,72,36,43,85,58,49,58,77,25,59,59,47,31,30,15,70,57
Andrés Gudiño,mx MEX,Goalkeeper,Cruz Azul,26,1997,14,13,1219,31,77,77,33,88,93,36,43,55,57,69,16,31,72,44,58,35,31,19,54,32,59
Andrés Sánchez,mx MEX,Goalkeeper,Atlético,25,1997,24,24,2160,20,70,55,37,53,66,36,43,70,9,7,34,77,70,63,35,65,31,15,20,43,32
Angus Gunn,sct SCO,Goalkeeper,Norwich City,27,1996,40,40,3540,57,33,37,63,46,59,36,43,47,32,28,86,47,11,65,58,83,31,67,53,47,53
Anthoni,br BRA,Goalkeeper,Internacional,22,2002,2,2,180,95,7,6,90,94,18,99,43,14,89,94,41,11,97,97,26,6,98,92,16,28,16
Anthony Moris,lu LUX,Goalkeeper,Union SG,33,1990,29,29,2588,70,14,11,63,46,59,36,43,23,70,45,79,50,6,13,45,71,31,50,32,89,63
Anthony Patterson,eng ENG,Goalkeeper,Sunderland,23,2000,45,45,4050,62,27,31,66,39,41,72,43,37,26,19,68,83,12,17,50,52,64,59,50,48,66
Antonio Adán,es ESP,Goalkeeper,Sporting CP,36,1987,22,22,1980,77,7,6,84,72,83,36,43,12,25,13,40,35,9,6,45,21,31,26,16,63,78
Antony Iannarilli,it ITA,Goalkeeper,Ternana,32,1990,32,32,2880,46,70,79,42,82,89,36,43,59,75,83,19,28,75,77,57,16,31,65,73,34,47
António Filipe de Carvalho,pt POR,Goalkeeper,Estrela,38,1985,3,3,270,77,19,23,96,15,18,36,43,54,13,46,78,85,73,49,88,88,31,91,57,5,88
Arnaud Bodart,be BEL,Goalkeeper,Standard Liège,25,1998,29,29,2610,58,61,72,37,80,80,77,43,39,39,63,52,59,56,54,68,35,69,54,74,19,66
Asmir Begović,ba BIH,Goalkeeper,QPR,36,1987,45,45,4049,53,35,38,66,31,37,36,43,25,49,58,55,80,42,47,76,30,31,23,47,35,77
Axel Werner,ar ARG,Goalkeeper,Rosario Central,27,1996,3,3,270,77,81,92,73,90,18,36,99,67,79,86,44,93,33,63,6,42,97,94,93,33,6
Aynsley Pears,eng ENG,Goalkeeper,Blackburn,25,1998,26,26,2311,38,62,66,61,65,66,83,43,51,33,61,72,77,74,30,50,95,75,30,52,14,55
Barry Lauwers,nl NED,Goalkeeper,Volendam,23,1999,1,1,90,0,98,55,11,15,18,36,43,98,94,96,95,72,6,99,98,65,31,0,1,27,95
Bartosz Białkowski,pl POL,Goalkeeper,Millwall,36,1987,14,14,1260,37,56,55,66,59,72,36,43,67,82,75,7,25,44,28,26,70,31,58,39,66,28
Bartłomiej Drągowski,pl POL,Goalkeeper,Spezia,25,1997,13,13,1170,35,69,72,51,62,74,36,43,57,31,21,33,38,31,28,19,45,31,30,56,65,21
Ben Hamer,eng ENG,Goalkeeper,Watford,35,1987,19,19,1710,39,68,69,35,65,44,95,43,66,9,12,90,57,2,40,32,71,93,62,48,23,33
Ben Wilson,eng ENG,Goalkeeper,Coventry City,30,1992,18,18,1620,41,26,20,48,36,47,36,43,36,13,22,59,95,59,41,44,33,31,18,20,20,46
Benjamin Lundt,de GER,Goalkeeper,St. Louis,28,1995,3,2,239,2,85,36,11,15,18,36,43,88,80,73,36,59,83,78,79,86,31,2,4,68,64
Benny Díaz,mx MEX,Goalkeeper,FC Juárez,24,1998,4,4,360,25,38,20,11,15,18,36,43,10,57,49,25,35,29,20,15,50,31,3,12,65,16
Bento,br BRA,Goalkeeper,Ath Paranaense,24,1999,7,7,630,94,25,47,94,59,18,96,43,15,84,50,11,12,33,24,55,17,95,90,91,96,67
Boy Waterman,nl NED,Goalkeeper,PSV Eindhoven,39,1984,1,0,6,97,99,99,11,15,18,36,43,64,99,71,97,100,99,99,6,6,31,98,98,99,6
Brad Guzan,us USA,Goalkeeper,Atlanta Utd,39,1984,32,32,2849,45,69,72,35,75,57,93,43,67,90,71,81,53,25,38,48,58,90,75,54,90,50
Brad Stuver,us USA,Goalkeeper,Austin,32,1991,34,34,3060,43,79,83,53,85,91,77,43,73,68,64,88,88,49,52,73,75,69,81,69,60,71
Bradley Collins,eng ENG,Goalkeeper,Coventry City,26,1997,28,28,2520,60,63,80,66,39,50,36,43,29,47,37,63,56,72,49,37,80,31,38,85,62,38
Brayan Cortés,cl CHI,Goalkeeper,cl Colo-Colo,28,1995,10,10,900,89,8,11,68,15,18,36,43,11,48,43,67,51,66,9,59,70,31,58,59,53,84
Brenno,br BRA,Goalkeeper,Bari,24,1999,33,33,2939,57,27,27,40,62,66,36,90,23,16,17,5,49,46,69,32,34,69,24,46,29,26
Bruno,br BRA,Goalkeeper,Venezia,25,1998,9,9,810,66,12,10,48,90,94,36,43,19,60,42,64,38,38,53,22,42,31,30,25,79,22
Bruno Brigido,br BRA,Goalkeeper,Estrela,32,1991,26,26,2340,30,59,51,33,53,54,36,92,67,38,31,42,63,66,37,68,77,75,30,28,56,73
Bruno Varela,cv CPV,Goalkeeper,Vitória,28,1994,27,27,2385,61,29,32,58,75,74,83,43,51,77,56,43,22,35,34,41,79,75,80,48,88,45
C.J. dos Santos,us USA,Goalkeeper,Inter Miami,23,2000,1,1,90,1,91,14,11,15,18,36,43,95,6,1,52,6,93,49,6,65,31,0,1,94,6
Caio Secco,br BRA,Goalkeeper,Moreirense,32,1990,4,4,360,95,6,14,97,15,18,36,43,7,43,41,37,58,35,49,6,6,31,94,96,44,6
Cambila,ao ANG,Goalkeeper,Estrela,21,2002,1,0,17,0,99,99,11,100,18,100,43,100,1,0,60,1,17,1,99,99,100,99,2,0,100
Cameron Dawson,eng ENG,Goalkeeper,Sheffield Weds,28,1995,18,18,1620,34,21,11,48,49,47,88,43,35,79,74,89,58,18,40,74,82,83,14,12,61,77
Camilo Vargas,co COL,Goalkeeper,Atlas,34,1989,34,34,3060,31,46,33,53,84,87,77,43,50,66,70,64,26,77,43,35,72,69,16,19,45,36
Carl Rushworth,eng ENG,Goalkeeper,Swansea City,22,2001,46,46,4140,43,56,61,48,49,62,36,43,63,59,79,95,84,45,31,48,82,31,66,53,20,53
Carlos Acevedo,mx MEX,Goalkeeper,Santos,27,1996,23,23,2005,27,77,72,48,89,92,83,43,82,46,39,27,30,66,81,28,50,75,63,34,57,23
Carlos Coronel,py PAR,Goalkeeper,NY Red Bulls,27,1996,27,27,2430,30,48,41,33,82,89,36,43,60,51,75,58,34,35,34,46,78,31,24,26,18,50
Carlos Felipe Rodríguez,mx MEX,Goalkeeper,UANL,34,1989,10,10,900,45,60,65,44,15,18,36,43,50,39,55,65,26,50,27,16,24,31,40,55,27,17
Carlos Lampe,bo BOL,Goalkeeper,bo Bolívar,36,1987,8,8,720,46,93,95,56,53,66,36,43,76,10,9,72,72,85,26,57,91,31,86,85,39,68
Carlos Miguel,br BRA,Goalkeeper,Corinthians,25,1998,6,6,540,61,68,88,73,68,80,36,43,36,71,36,42,53,54,76,39,65,31,56,93,94,31
Carlos Moreno,mx MEX,Goalkeeper,Pachuca,25,1998,29,29,2610,35,50,47,53,68,80,36,43,65,87,75,15,50,83,35,48,53,31,50,35,80,52
Caíque,br BRA,Goalkeeper,Grêmio,26,1997,6,5,488,22,72,69,11,72,83,36,43,75,45,64,4,37,73,65,29,31,31,22,39,21,25
Cezary Miszta,pl POL,Goalkeeper,Rio Ave,21,2001,1,1,90,77,97,98,11,15,18,36,43,29,22,5,90,90,62,3,6,6,31,68,96,94,6
Charles,br BRA,Goalkeeper,Vitória,29,1994,8,7,675,84,26,37,83,56,69,36,43,44,46,44,11,31,52,78,83,42,31,90,77,44,71
Chris Brady,us USA,Goalkeeper,Chicago Fire,19,2004,33,33,2970,21,72,62,30,84,91,36,43,81,27,30,23,67,54,15,48,60,31,32,25,30,65
Chris Maxwell,wls WAL,Goalkeeper,Huddersfield,33,1990,9,8,696,42,78,83,11,15,18,36,43,70,70,81,53,89,90,93,50,30,31,78,71,30,28
Christian Walton,eng ENG,Goalkeeper,Ipswich Town,27,1995,1,0,1,97,100,100,100,15,18,36,43,99,1,99,100,1,0,0,6,6,31,100,98,0,0
Cleiton Schwengber,br BRA,Goalkeeper,RB Bragantino,26,1997,31,31,2699,56,67,77,37,46,38,90,43,66,48,59,54,65,47,71,68,90,86,87,76,32,58
Clint Irwin,us USA,Goalkeeper,Minnesota Utd,34,1989,5,5,450,6,94,90,11,77,86,36,43,94,28,21,30,97,64,14,68,87,31,36,26,56,86
Cláudio Ramos,pt POR,Goalkeeper,Porto,31,1991,2,1,114,33,15,7,11,15,18,36,43,9,91,59,94,65,6,86,50,99,31,5,7,97,38
Conor Hazard,nir NIR,Goalkeeper,Plymouth Argyle,25,1998,27,27,2430,27,70,68,42,33,41,36,43,75,40,76,83,80,51,82,46,35,31,38,39,9,34
Cristopher Fiermarin,uy URU,Goalkeeper,Defensa y Just,26,1998,10,10,900,27,45,34,27,88,86,94,43,70,51,37,65,58,90,83,68,24,91,32,22,75,53
Cássio,br BRA,Goalkeeper,Cruzeiro,36,1987,24,24,2160,85,67,85,66,33,41,36,43,43,11,6,27,70,38,54,28,28,31,90,92,75,27
César Rigamonti,ar ARG,Goalkeeper,cl Palestino,36,1987,6,6,540,22,91,92,37,90,80,97,43,86,89,87,21,3,93,60,82,56,96,56,67,56,78
Daniel,br BRA,Goalkeeper,SJ Earthquakes,29,1994,12,12,1080,15,91,87,25,41,18,92,43,82,33,23,52,30,58,70,32,65,88,20,32,67,26
Daniel Bachmann,at AUT,Goalkeeper,Watford,29,1994,27,27,2429,60,34,41,84,49,41,90,43,39,19,43,94,78,2,21,36,94,86,58,57,11,46
Daniel Figueira,pt POR,Goalkeeper,Estoril,25,1998,12,12,1080,6,76,42,37,41,54,36,43,81,9,11,19,75,50,18,6,91,31,6,10,23,6
Daniel Iversen,dk DEN,Goalkeeper,Stoke City,26,1997,18,18,1620,57,12,9,82,36,47,36,43,27,36,77,67,38,27,27,74,83,31,30,15,6,82
Daniel Schmidt,jp JPN,Goalkeeper,Sint-Truiden,31,1992,12,12,1080,29,44,29,56,90,94,36,43,62,65,45,70,85,14,45,68,65,31,22,15,82,71
Danilo Fernandes,br BRA,Goalkeeper,Bahia,35,1988,1,1,90,97,3,14,98,15,18,36,43,2,6,9,5,72,78,89,6,65,31,88,98,20,6
Dante Campisi,ar ARG,Goalkeeper,Unión,27,1996,1,1,90,77,12,14,11,15,18,36,43,38,63,13,0,2,14,0,6,65,31,82,39,97,6
David Cornell,wls WAL,Goalkeeper,Preston,32,1991,2,2,180,15,56,29,11,94,97,36,43,93,96,97,46,4,93,74,26,92,31,77,11,38,23
Davide Barosi,it ITA,Goalkeeper,Ascoli,23,2000,3,2,205,87,14,19,11,15,18,36,43,9,49,35,39,40,75,92,87,89,31,37,65,72,64
Davy Roef,be BEL,Goalkeeper,Gent,29,1994,12,12,1080,91,23,29,85,94,91,98,43,43,59,25,39,95,46,49,90,34,97,94,63,95,89
Dayne St. Clair,ca CAN,Goalkeeper,Minnesota Utd,26,1997,26,26,2340,60,31,36,61,53,41,83,92,39,47,80,54,33,34,61,15,86,88,59,49,10,14
Devis Vásquez,co COL,Goalkeeper,Sheffield Weds,25,1998,19,18,1637,51,33,31,73,82,89,36,43,53,83,81,67,45,83,51,60,59,31,59,33,55,61
Diant Ramaj,de GER,Goalkeeper,Ajax,21,2001,22,20,1824,33,70,71,33,34,44,36,43,71,80,74,97,83,18,32,73,84,31,56,49,63,80
Dida,br BRA,Goalkeeper,Estrela,25,1998,5,5,427,88,8,11,45,15,18,36,43,12,32,34,79,98,68,83,85,94,31,52,53,37,72
Diego Matías Rodríguez,ar ARG,Goalkeeper,Arg Juniors,34,1989,27,27,2430,70,19,23,79,62,74,36,43,19,55,45,40,20,36,16,14,42,31,41,57,68,15
Diego Urtiaga,mx MEX,Goalkeeper,Atlético,24,1998,10,10,900,32,77,76,68,77,86,36,43,78,11,8,25,68,88,74,16,13,31,66,48,55,14
Dillon Phillips,eng ENG,Goalkeeper,Rotherham Utd,28,1995,2,2,179,12,75,58,11,94,97,36,43,80,99,98,74,11,97,58,26,86,31,15,16,95,24
Diogo Costa,pt POR,Goalkeeper,Porto,23,1999,33,33,2944,90,6,8,83,72,66,77,90,8,31,16,82,36,20,13,48,88,83,52,50,79,68
Diogo Pinto,pt POR,Goalkeeper,Sporting CP,19,2004,2,2,171,97,1,1,92,15,18,36,43,0,33,4,8,21,21,3,93,69,31,52,98,98,98
Drake Callender,us USA,Goalkeeper,Inter Miami,26,1997,32,32,2880,43,59,65,35,82,76,88,43,60,10,12,62,81,56,35,76,57,83,62,54,29,81
Earl Edwards Jr.,us USA,Goalkeeper,NE Revolution,32,1992,1,1,90,77,3,3,11,15,18,36,43,29,63,9,86,6,62,5,6,6,31,68,7,98,6
Edoardo Corvi,it ITA,Goalkeeper,Parma,22,2001,2,2,168,68,89,95,11,15,18,36,43,64,14,33,80,97,13,4,94,96,31,93,93,11,98
Elhan Kastrati,al ALB,Goalkeeper,Cittadella,26,1997,35,35,3150,54,44,48,66,59,72,36,43,30,69,51,31,40,33,42,59,51,31,28,59,84,61
Elliot Panicco,us USA,Goalkeeper,Nashville SC,27,1996,6,5,432,11,96,95,45,93,18,97,98,94,57,60,40,92,28,24,54,25,98,66,43,47,63
Eloy Room,cw CUW,Goalkeeper,Vitesse,34,1989,34,34,3060,9,95,93,26,80,74,88,43,91,88,91,86,58,55,35,28,48,83,33,37,40,29
Emiliano Viviano,it ITA,Goalkeeper,Ascoli,37,1985,27,27,2384,58,22,21,68,92,90,83,97,37,95,85,39,4,19,68,79,39,93,48,36,88,72
Enrique Bologna,ar ARG,Goalkeeper,Defensa y Just,41,1982,17,17,1530,84,25,27,84,72,47,96,43,27,89,76,44,37,84,86,28,26,94,77,57,83,21
Esteban Andrada,ar ARG,Goalkeeper,Monterrey,32,1991,32,32,2880,77,34,48,75,53,57,77,43,31,83,57,92,80,17,36,86,76,69,74,78,92,89
Ethan Horvath,us USA,Goalkeeper,Cardiff City,28,1995,16,16,1440,23,65,50,56,75,66,36,96,68,63,78,50,62,71,49,30,26,83,18,22,25,29
Etienne Vaessen,sr SUR,Goalkeeper,RKC Waalwijk,28,1995,30,30,2644,29,89,91,37,68,72,77,43,80,92,92,93,68,50,83,89,80,69,59,67,51,79
Eugenio Lamanna,it ITA,Goalkeeper,Calcio Lecco 1912,33,1989,3,3,270,77,62,81,11,90,94,36,43,38,68,57,63,79,20,59,88,65,31,82,87,72,85
Evan Bush,us USA,Goalkeeper,Columbus Crew,37,1986,2,2,124,40,88,93,11,96,18,36,99,94,8,24,81,87,74,57,6,6,99,97,79,7,6
Evan Louro,us USA,Goalkeeper,FC Cincinnati,28,1996,1,1,90,15,74,14,11,98,18,99,43,84,6,13,8,43,23,63,6,6,99,22,3,11,6
Ezequiel Centurión,ar ARG,Goalkeeper,River Plate,26,1997,23,23,2070,68,31,37,77,68,69,83,43,16,53,75,7,15,77,86,76,18,75,26,59,20,57
Ezequiel Unsain,ar ARG,Goalkeeper,Necaxa,28,1995,25,24,2205,29,61,59,53,53,66,36,43,71,82,84,14,6,87,80,63,17,31,40,34,43,52
Fabijan Buntić,hr CRO,Goalkeeper,Vizela,26,1997,28,27,2496,10,71,45,48,82,83,36,92,77,48,41,45,35,66,80,42,79,75,10,12,63,31
Fabricio Iacovich,ar ARG,Goalkeeper,Estudiantes–LP,22,2002,1,1,90,15,38,55,11,15,18,36,43,9,6,36,58,99,88,98,98,6,31,2,81,4,97
Fabrício,br BRA,Goalkeeper,Internacional,38,1986,8,8,720,77,46,68,81,53,66,36,43,20,11,25,15,43,25,63,35,58,31,54,84,12,32
Fabrício,br BRA,Goalkeeper,RB Bragantino,23,2000,1,1,90,15,95,97,11,15,18,36,43,97,22,9,5,96,14,22,6,6,31,96,63,83,6
Facundo Altamirano,ar ARG,Goalkeeper,ar San Lorenzo,27,1996,15,15,1291,65,30,40,45,39,50,36,43,31,18,34,20,13,26,32,17,39,31,54,69,13,20
Facundo Cambeses,ar ARG,Goalkeeper,Racing Club,26,1997,7,6,585,21,79,66,33,62,18,97,43,70,16,40,24,16,48,52,23,51,95,18,21,9,23
Facundo Sanguinetti,ar ARG,Goalkeeper,Banfield,22,2001,26,25,2312,47,44,40,42,75,66,92,43,38,37,46,20,54,63,66,62,23,88,25,31,33,59
Felipe Zenobio,ar ARG,Goalkeeper,Tigre,23,2000,25,25,2194,63,31,38,79,53,66,36,43,36,19,19,37,82,68,80,91,38,31,58,61,37,84
Fernando Tapia,mx MEX,Goalkeeper,Querétaro,22,2001,15,14,1276,31,84,85,45,87,87,90,43,86,81,89,14,8,80,85,50,17,86,84,56,29,37
Filip Stankovic,rs SRB,Goalkeeper,Sampdoria,21,2002,37,37,3330,51,41,38,48,75,76,77,43,40,28,36,73,43,26,72,80,47,69,40,37,26,70
Filippo Vandelli,it ITA,Goalkeeper,Modena,22,2000,1,0,6,97,99,99,11,15,18,36,43,64,1,99,75,1,98,100,100,6,31,98,98,0,97
Francesco Bardi,it ITA,Goalkeeper,Reggiana,31,1992,30,30,2624,61,54,65,61,68,59,90,43,33,36,38,12,63,65,79,42,15,86,48,67,42,32
Francesco Ruberto,ch SUI,Goalkeeper,Vizela,30,1993,7,7,564,83,32,58,71,15,18,36,43,42,86,86,72,15,77,90,62,87,31,88,88,49,44
Francisco Silva,pt POR,Goalkeeper,Sporting CP,17,2005,1,0,9,97,0,0,99,15,18,36,43,0,1,0,0,1,99,8,6,6,31,52,0,0,6
Franco Armani,ar ARG,Goalkeeper,ar River Plate,37,1986,34,34,3060,92,9,17,88,62,66,77,43,12,17,6,10,69,35,12,26,48,69,74,77,86,40
Franco Israel,uy URU,Goalkeeper,Sporting CP,23,2000,10,10,900,92,6,7,90,15,18,36,43,4,5,1,15,23,12,9,26,53,31,28,55,88,41
Franco Petroli,ar ARG,Goalkeeper,Godoy Cruz,25,1998,26,26,2340,70,30,40,61,41,18,92,43,38,93,86,77,56,56,37,68,69,88,78,70,79,73
Franco Saravia,pe PER,Goalkeeper,pe Alianza Lima,24,1999,2,1,95,4,86,46,11,15,18,36,43,58,17,16,1,5,32,25,6,6,31,1,7,36,6
Frankarlos Benítez,ve VEN,Goalkeeper,ve Caracas,19,2004,2,1,168,4,96,95,11,15,18,36,43,91,47,90,6,35,98,94,6,6,31,8,27,5,6
Freddie Woodman,eng ENG,Goalkeeper,Preston,26,1997,44,44,3960,41,55,60,51,39,50,36,43,56,84,94,47,36,70,54,38,77,31,46,51,22,39
Fábio,br BRA,Goalkeeper,br Fluminense,43,1980,47,47,4260,82,51,70,75,56,62,72,43,53,7,11,9,46,45,47,41,53,64,90,84,17,40
Gabriel,br BRA,Goalkeeper,Juventude,31,1992,34,34,3014,39,61,63,40,90,92,88,43,69,37,31,60,45,33,55,86,73,83,71,45,54,86
Gabriel Arias,cl CHI,Goalkeeper,Racing Club,36,1987,21,21,1845,87,14,20,89,46,44,36,94,8,61,48,29,23,57,19,22,68,79,28,73,76,28
Gabriel Delfim,br BRA,Goalkeeper,Atlético Mineiro,21,2002,1,1,90,77,12,14,11,15,18,36,43,29,2,3,29,96,78,8,96,6,31,68,39,4,98
Gaga Slonina,us USA,Goalkeeper,Eupen,19,2004,28,28,2520,15,86,83,31,72,62,83,92,83,29,39,64,78,67,66,41,69,86,21,40,27,35
Gastón Guruceaga,uy URU,Goalkeeper,uy Liverpool,28,1995,3,3,270,29,91,92,73,15,18,36,43,59,27,50,50,18,17,93,68,42,31,20,67,14,43
Gastón Gómez,ar ARG,Goalkeeper,ar San Lorenzo,27,1996,19,18,1679,88,14,20,71,49,62,36,43,11,68,70,11,9,70,42,19,19,31,46,75,50,20
Gatito Fernández,py PAR,Goalkeeper,br Botafogo (RJ),35,1988,7,7,630,63,15,14,86,59,72,36,43,43,46,22,37,23,65,80,15,46,31,74,26,86,14
Gavin Bazunu,ie IRL,Goalkeeper,Southampton,21,2002,41,41,3690,51,22,18,61,39,44,36,88,22,40,17,96,86,7,21,19,85,64,16,23,89,23
Gavin Beavers,us USA,Goalkeeper,Real Salt Lake,18,2005,11,11,990,23,67,48,61,92,92,93,43,79,16,25,59,87,30,46,91,78,90,32,17,23,90
Gaëtan Coucke,be BEL,Goalkeeper,Mechelen,24,1998,30,30,2700,64,43,55,73,56,38,77,96,53,80,65,66,27,67,68,75,45,91,84,71,81,65
George Long,eng ENG,Goalkeeper,Norwich City,29,1993,7,6,600,6,94,93,33,62,74,36,43,85,4,37,69,27,13,31,47,14,31,8,35,2,52
Gerónimo Rulli,ar ARG,Goalkeeper,Ajax,31,1992,7,7,571,20,63,46,35,65,76,36,43,84,93,77,98,93,20,11,61,94,31,37,16,91,86
Giacomo Drago,it ITA,Goalkeeper,Südtirol,22,2001,1,1,90,77,38,55,11,15,18,36,43,14,22,20,70,90,0,74,68,65,31,36,81,38,57
Giacomo Poluzzi,it ITA,Goalkeeper,Südtirol,35,1988,37,37,3330,53,26,22,61,65,72,77,43,33,94,88,57,33,72,78,87,40,69,32,28,80,79
Giacomo Satalino,it ITA,Goalkeeper,Reggiana,24,1999,9,8,796,56,53,63,75,49,62,36,43,34,65,62,18,79,82,91,97,33,31,38,65,56,94
Gianluca Saro,it ITA,Goalkeeper,Cremonese,23,2000,8,8,720,87,29,48,81,15,18,36,43,15,26,17,69,72,16,23,57,22,31,62,84,57,71
Gibran Lajud,mx MEX,Goalkeeper,Santos,29,1993,9,9,810,11,81,66,28,82,89,36,43,77,38,69,8,24,68,68,39,42,31,11,17,13,34
Gonzalo Marinelli,ar ARG,Goalkeeper,Ind. Rivadavia,34,1989,5,5,450,95,3,7,94,77,86,36,43,5,63,63,2,9,88,60,33,36,31,86,90,49,30
Gonçalo Pinto,pt POR,Goalkeeper,Chaves,23,2000,1,1,90,3,97,97,11,98,98,36,43,96,97,96,2,1,97,95,6,6,31,13,24,79,6
Guido Herrera,ar ARG,Goalkeeper,ar Talleres,31,1992,34,34,3060,71,20,24,81,72,83,36,43,14,87,72,41,11,36,64,68,38,31,28,59,87,62
Guido Villar,ar ARG,Goalkeeper,ec Independiente,25,1998,1,1,90,15,3,0,11,98,98,36,43,29,22,36,8,2,42,33,6,92,31,4,0,16,6
Guillaume Hubert,be BEL,Goalkeeper,RWDM,29,1994,1,0,17,0,0,0,11,15,18,36,43,0,98,99,99,78,91,95,99,6,31,0,0,21,99
Guillermo Allison,mx MEX,Goalkeeper,Querétaro,32,1990,20,20,1784,47,84,91,56,77,74,86,43,74,94,89,18,14,91,70,44,18,79,85,83,77,37
Guillermo Vizcarra,bo BOL,Goalkeeper,bo The Strongest,30,1993,8,8,720,55,91,95,95,15,18,36,43,53,54,67,10,75,95,94,35,38,31,71,89,31,21
Guillermo de Amores,uy URU,Goalkeeper,uy Peñarol,29,1994,5,4,405,66,10,9,87,15,18,36,43,34,4,19,28,94,27,8,88,42,31,59,21,4,96
Gustavo,br BRA,Goalkeeper,Criciúma,30,1993,34,34,2997,31,79,78,40,72,66,88,43,79,60,45,12,33,76,84,42,23,83,66,46,76,30
Heinz Lindner,at AUT,Goalkeeper,Union SG,33,1990,1,1,90,77,3,3,11,15,18,36,43,20,22,1,29,2,6,5,6,6,31,52,7,99,6
Henrich Ravas,sk SVK,Goalkeeper,NE Revolution,26,1997,8,8,720,11,82,61,30,93,91,96,43,92,26,38,26,28,69,10,35,16,94,48,13,17,55
Hernán Galíndez,ec ECU,Goalkeeper,Huracán,36,1987,24,24,2160,94,9,19,93,33,41,36,43,8,54,76,55,21,54,62,62,20,31,81,89,19,59
Hervé Koffi,bf BFA,Goalkeeper,Charleroi,26,1996,26,26,2339,37,72,76,61,75,84,36,43,74,81,79,73,66,28,43,92,84,31,73,60,54,92
Hobie Verhulst,nl NED,Goalkeeper,AZ Alkmaar,30,1993,1,1,90,1,97,88,11,98,98,36,43,98,99,96,92,18,78,22,6,6,31,10,7,94,6
Hugo González Durán,mx MEX,Goalkeeper,Mazatlán,32,1990,29,29,2548,27,75,69,45,72,41,90,96,80,82,72,66,77,85,82,76,42,95,56,33,77,59
Hugo Lloris,fr FRA,Goalkeeper,LAFC,37,1986,33,33,2970,58,35,44,78,43,38,77,90,34,64,56,59,34,36,55,57,53,83,43,61,62,55
Hugo Souza,br BRA,Goalkeeper,Corinthians,25,1999,48,48,4320,33,71,69,51,80,80,83,43,75,63,60,26,69,74,72,49,34,75,62,41,58,40
Héctor Holguín,mx MEX,Goalkeeper,Santos,22,2001,4,2,245,22,88,81,11,93,18,99,43,87,77,60,6,16,94,59,18,21,97,59,24,84,18
Ignacio Arce,ar ARG,Goalkeeper,Deportivo Riestra,31,1992,25,25,2250,77,60,79,89,65,76,36,43,50,97,97,56,3,80,97,93,72,31,90,87,54,67
Ignacio Chicco,ar ARG,Goalkeeper,Belgrano,27,1996,8,7,656,67,20,23,61,15,18,36,43,17,40,34,58,63,23,69,84,81,31,28,45,55,78
Ignacio De Arruabarrena,uy URU,Goalkeeper,Arouca,26,1997,31,31,2790,40,59,60,31,87,90,77,90,68,30,44,77,94,45,56,85,91,83,68,43,24,84
Illan Meslier,fr FRA,Goalkeeper,Leeds United,23,2000,44,44,3922,85,8,11,84,31,37,36,43,9,9,20,94,55,5,17,29,73,31,32,46,10,41
Isaac Boehmer,us USA,Goalkeeper,Vancouver W'caps,22,2001,1,1,90,15,91,97,11,15,18,36,43,71,63,95,61,6,78,96,6,6,31,13,94,5,6
Ivan Zlobin,ru RUS,Goalkeeper,Famalicão,26,1997,1,1,90,15,38,14,11,15,18,36,43,56,2,0,1,90,3,14,68,6,31,7,7,94,86
Ivor Pandur,hr CRO,Goalkeeper,Fortuna Sittard,23,2000,16,16,1440,25,70,65,56,53,66,36,43,74,72,73,60,46,57,51,90,54,31,30,32,51,90
Jack Bonham,ie IRL,Goalkeeper,Stoke City,29,1993,14,14,1260,47,45,50,78,80,87,36,43,61,71,81,76,90,49,83,80,46,31,71,55,32,62
Jacob Chapman,au AUS,Goalkeeper,Huddersfield,22,2000,2,1,139,52,8,2,95,95,18,99,43,23,12,86,71,59,87,7,6,79,98,18,1,2,6
Jacob Jackson,us USA,Goalkeeper,SJ Earthquakes,23,2000,3,3,270,3,91,55,11,15,18,36,43,82,22,33,43,79,88,41,39,42,31,1,7,19,41
Jak Alnwick,eng ENG,Goalkeeper,Cardiff City,30,1993,24,24,2160,46,35,36,66,33,18,36,92,43,90,90,73,20,46,46,20,46,75,36,35,46,21
Jakub Stolarczyk,pl POL,Goalkeeper,Leicester City,22,2000,2,2,180,97,3,14,98,15,18,36,43,2,2,10,90,72,3,69,68,6,31,88,98,2,60
James Beadle,eng ENG,Goalkeeper,Sheffield Weds,19,2004,19,19,1710,54,35,41,85,34,18,36,94,37,60,83,82,48,44,44,46,76,79,40,53,17,47
James Pantemis,ca CAN,Goalkeeper,Portland Timbers,26,1997,15,14,1301,55,41,43,77,39,18,90,43,55,67,72,80,22,29,59,29,71,86,77,52,43,27
Jandrei,br BRA,Goalkeeper,São Paulo,30,1993,13,13,1170,56,49,62,69,41,54,36,43,10,70,59,84,62,51,63,75,22,31,12,73,76,70
Jasper Cillessen,nl NED,Goalkeeper,NEC Nijmegen,34,1989,30,30,2640,33,71,70,37,77,80,77,43,70,76,79,59,66,83,89,61,52,69,54,43,44,45
Jasper Schendelaar,nl NED,Goalkeeper,Zwolle,22,2000,32,32,2880,15,88,84,35,87,89,88,43,87,93,89,89,86,50,85,73,60,83,32,36,69,55
Javier Burrai,ec ECU,Goalkeeper,ec Barcelona,33,1990,6,6,540,37,16,9,37,68,80,36,43,11,51,29,41,18,81,38,17,6,31,6,10,85,17
Javier Otero,ve VEN,Goalkeeper,Orlando City,21,2002,1,0,62,1,51,0,11,15,18,36,43,98,48,28,42,87,47,1,91,84,31,1,0,83,98
Jay Gorter,nl NED,Goalkeeper,Ajax,23,2000,8,7,665,7,64,27,31,59,18,36,98,87,50,43,89,76,24,25,61,61,95,11,9,61,75
Jean,br BRA,Goalkeeper,py Cerro Porteño,28,1995,6,6,540,88,27,46,73,68,80,36,43,24,87,81,16,9,62,30,39,28,31,83,85,72,45
Jean Butez,fr FRA,Goalkeeper,Antwerp,28,1995,30,30,2700,86,17,25,83,68,80,36,43,16,75,72,96,74,8,18,83,85,31,59,75,61,91
Jeffrey De Lange,nl NED,Goalkeeper,Go Ahead Eag,25,1998,34,34,3060,48,80,87,71,36,47,36,43,53,84,88,90,34,30,93,26,60,31,54,81,40,18
Jeremías Ledesma,ar ARG,Goalkeeper,River Plate,30,1993,4,4,360,91,56,83,90,15,18,36,43,13,15,7,55,97,29,36,26,50,31,73,94,81,27
Jeroen Houwen,nl NED,Goalkeeper,RKC Waalwijk,27,1996,4,3,322,45,80,86,11,87,93,36,43,65,84,93,86,93,91,88,6,57,31,71,76,22,6
Jeroen Zoet,nl NED,Goalkeeper,Spezia,32,1991,25,25,2250,62,38,46,63,65,66,83,43,32,65,61,24,31,59,61,54,58,75,48,61,57,50
Jerónimo Pourtau,ar ARG,Goalkeeper,Sarmiento,24,2000,3,3,270,50,27,23,11,15,18,36,43,7,27,91,3,2,87,41,39,6,31,7,25,3,41
Jesse Joronen,fi FIN,Goalkeeper,Venezia,30,1993,29,29,2610,56,28,27,75,59,59,77,43,31,30,30,60,76,31,57,22,38,69,33,36,42,22
Jesús Camargo,ve VEN,Goalkeeper,ve Dep Táchira,26,1997,4,4,360,37,87,88,11,85,18,98,43,96,92,88,32,92,98,96,97,28,97,98,55,64,91
Jesús Rodríguez,mx MEX,Goalkeeper,Puebla,30,1993,34,34,3060,15,87,82,26,80,83,77,43,84,67,44,68,69,90,73,55,26,69,22,30,86,46
Jhonatan,br BRA,Goalkeeper,Rio Ave,32,1991,26,26,2340,63,58,72,77,53,41,83,92,47,38,41,64,76,71,81,86,61,88,78,78,41,76
Jimmy Maurer,us USA,Goalkeeper,FC Dallas,35,1988,4,4,360,77,79,91,90,15,18,36,43,76,67,29,93,51,2,49,6,50,31,96,92,96,6
Jo Coppens,be BEL,Goalkeeper,Sint-Truiden,32,1990,4,4,360,15,23,6,11,15,18,36,43,56,9,22,97,65,4,38,68,50,31,7,3,9,72
Joachim Imbrechts,se SWE,Goalkeeper,Union SG,21,2001,1,0,21,97,47,92,11,15,18,36,43,13,1,2,32,99,0,84,6,6,31,97,98,0,6
Joe Walsh,eng ENG,Goalkeeper,QPR,21,2002,1,1,90,77,91,97,11,15,18,36,43,88,43,80,97,72,3,97,96,6,31,98,94,8,83
Joe Willis,us USA,Goalkeeper,Nashville SC,35,1988,30,29,2626,35,57,61,61,46,50,36,90,53,61,54,48,77,53,35,53,50,69,28,51,68,57
Joel Drommel,nl NED,Goalkeeper,PSV Eindhoven,26,1996,1,1,90,77,74,88,11,15,18,36,43,64,43,5,70,96,42,2,6,99,31,94,90,98,6
John,br BRA,Goalkeeper,br Botafogo (RJ),27,1996,44,44,3990,89,19,31,86,65,62,72,88,15,34,38,55,26,40,56,44,73,79,75,83,39,43
John McCarthy,us USA,Goalkeeper,LA Galaxy,31,1992,32,32,2880,37,82,85,42,65,66,77,43,74,15,29,35,59,45,62,42,19,69,73,67,14,39
John Pulskamp,us USA,Goalkeeper,Sporting KC,22,2001,6,6,540,10,32,10,11,15,18,36,43,62,17,33,11,24,29,16,13,56,31,6,5,13,13
John Ruddy,eng ENG,Goalkeeper,Birmingham City,36,1986,44,44,3960,43,65,73,56,15,18,36,43,45,88,87,68,87,68,69,95,69,31,33,64,50,94
Jonathan Sirois,ca CAN,Goalkeeper,CF Montréal,22,2001,33,33,2970,20,78,71,53,53,66,36,43,86,8,15,77,95,58,65,53,81,31,48,28,15,48
Jorge Broun,ar ARG,Goalkeeper,ar Rosario Central,37,1986,30,30,2700,64,41,50,51,46,59,36,43,23,54,50,15,43,52,23,39,20,31,36,72,58,49
Josh Cohen,us USA,Goalkeeper,Atlanta Utd,31,1992,3,2,209,10,49,33,11,15,18,36,43,5,85,30,83,91,5,13,21,6,31,0,15,98,29
Josue Reinatti,ar ARG,Goalkeeper,Newell's OB,20,2003,3,3,270,93,3,5,73,15,18,36,43,4,55,89,38,24,95,63,68,6,31,36,37,8,62
José Antonio Rodríguez,mx MEX,Goalkeeper,Tijuana,31,1992,28,28,2475,29,75,71,28,62,50,83,92,78,70,51,41,21,43,19,32,57,86,54,40,85,43
José Corona,mx MEX,Goalkeeper,Tijuana,42,1981,7,6,585,35,76,77,33,62,74,36,43,61,69,48,41,43,77,20,16,38,31,38,56,86,19
José Eulogio,mx MEX,Goalkeeper,Pachuca,19,2004,2,2,180,15,38,14,11,15,18,36,43,71,6,16,11,72,94,19,26,28,31,13,7,8,34
José Rangel Aguilar,mx MEX,Goalkeeper,Guadalajara,23,2000,19,19,1635,82,35,52,73,82,80,36,96,23,30,26,45,55,36,26,63,47,83,62,81,51,80
João Gonçalves,pt POR,Goalkeeper,Boavista,22,2000,34,34,3060,23,76,68,26,72,66,36,96,80,45,52,13,54,82,65,35,46,83,33,28,35,31
João Ricardo Riedi,br BRA,Goalkeeper,Fortaleza,35,1988,38,38,3420,71,77,90,75,56,69,36,43,55,66,59,12,40,59,81,81,20,31,90,92,61,64
João Valido,pt POR,Goalkeeper,Arouca,23,2000,1,1,90,97,1,3,98,15,18,36,43,1,22,1,80,98,62,14,6,100,31,68,98,99,6
Juan Cozzani,ar ARG,Goalkeeper,Platense,25,1998,26,26,2339,92,18,36,90,41,41,36,92,10,92,91,16,3,56,36,60,73,75,73,89,48,65
Juan Espínola,py PAR,Goalkeeper,Belgrano,29,1994,15,15,1324,72,54,73,61,15,18,36,43,27,69,78,49,11,65,96,97,55,31,65,85,34,90
Julio José González,mx MEX,Goalkeeper,UNAM,32,1991,34,34,3060,60,41,47,77,87,91,88,43,33,76,61,38,63,80,44,78,86,83,46,60,81,81
Justin Bijlow,nl NED,Goalkeeper,Feyenoord,25,1998,17,17,1462,88,7,8,79,15,18,36,43,12,30,16,94,39,4,4,82,98,31,48,34,77,96
Karl Darlow,wls WAL,Goalkeeper,Leeds United,32,1990,2,1,126,11,25,5,11,15,18,36,43,44,31,13,91,52,20,84,6,6,31,4,3,89,6
Kasper Schmeichel,dk DEN,Goalkeeper,Anderlecht,36,1986,23,23,2070,77,66,83,48,43,41,83,43,53,66,42,84,47,24,62,34,30,75,90,86,87,31
Kayne van Oevelen,nl NED,Goalkeeper,Volendam,19,2003,1,1,89,12,98,98,11,15,18,36,43,97,65,64,95,99,3,16,72,93,31,97,91,50,85
Kevin Mier,co COL,Goalkeeper,Cruz Azul,23,2000,17,17,1530,88,8,9,88,72,47,36,98,10,26,12,89,39,44,11,33,92,94,48,45,74,51
Kewin,br BRA,Goalkeeper,Moreirense,27,1995,30,30,2686,63,36,48,87,32,38,36,43,26,83,73,70,52,74,77,82,36,31,41,68,75,69
Kosuke Nakamura,jp JPN,Goalkeeper,Portimonense,28,1995,20,20,1800,19,65,51,27,62,59,36,94,89,56,58,17,48,82,84,55,61,79,58,23,47,42
Kristijan Kahlina,hr CRO,Goalkeeper,Charlotte,31,1992,34,34,3060,68,58,73,77,32,18,77,43,56,36,30,66,69,32,64,73,89,69,89,82,55,64
Kristoffer Klaesson,no NOR,Goalkeeper,Leeds United,22,2000,1,1,90,97,1,3,98,15,18,36,43,0,22,27,46,18,42,1,6,6,31,52,98,24,6
Lars Unnerstall,de GER,Goalkeeper,Twente,33,1990,32,32,2880,69,32,43,69,75,76,77,43,40,43,57,71,68,24,17,35,89,69,81,70,25,49
Laurent Henkinet,be BEL,Goalkeeper,Standard Liège,30,1992,1,1,90,0,97,55,11,98,98,36,43,99,1,3,75,96,1,3,6,92,31,2,1,0,6
Lautaro Bursich,ar ARG,Goalkeeper,Cen. Córdoba–SdE,21,2002,1,1,90,15,38,14,11,15,18,36,43,20,63,71,1,72,98,2,6,6,31,2,7,38,6
Lautaro Garzón,ar ARG,Goalkeeper,Vélez Sarsfield,20,2003,1,0,39,7,61,21,11,15,18,36,43,55,1,1,6,62,11,45,97,6,31,3,7,0,97
Lautaro Morales,ar ARG,Goalkeeper,Talleres,24,1999,1,1,90,77,3,3,11,15,18,36,43,1,2,3,34,18,1,0,6,6,31,4,7,4,6
Leandro Brey,ar ARG,Goalkeeper,Boca Juniors,21,2002,12,11,999,92,41,67,93,86,83,93,43,29,12,25,23,61,39,57,59,47,90,92,90,12,57
Leandro Chichizola,ar ARG,Goalkeeper,Parma,33,1990,37,36,3252,86,10,17,78,36,38,36,90,16,83,87,87,75,21,75,91,82,69,59,50,40,87
Leandro Requena,ar ARG,Goalkeeper,cl Cobresal,36,1987,5,5,450,23,91,90,11,77,86,36,43,90,89,79,14,43,91,67,51,15,31,82,58,79,44
Lee Nicholls,eng ENG,Goalkeeper,Huddersfield,30,1992,37,37,3305,25,53,40,42,41,54,36,43,71,78,85,56,74,57,46,36,68,31,28,21,33,36
Leonardo Linck,br BRA,Goalkeeper,Ath Paranaense,22,2001,14,14,1223,34,66,67,25,15,18,36,43,53,53,33,23,46,21,60,46,48,31,24,44,82,43
Leonardo Loria,it ITA,Goalkeeper,Pisa,24,1999,7,7,630,27,28,14,66,59,72,36,43,64,22,12,53,52,5,36,68,46,31,21,10,67,74
Leonardo Marson,it ITA,Goalkeeper,Cosenza,25,1998,2,1,124,91,51,80,96,96,97,36,43,60,32,78,63,16,89,98,45,47,31,96,95,5,20
Leopold Wahlstedt,se SWE,Goalkeeper,Blackburn,24,1999,21,20,1829,24,78,75,33,46,44,36,94,68,5,14,82,93,75,51,58,75,79,21,41,7,58
Lorenzo Andrenacci,it ITA,Goalkeeper,Brescia,28,1995,9,9,765,69,16,18,30,53,66,36,43,10,58,50,19,32,47,66,82,6,31,19,39,67,75
Luca Lezzerini,it ITA,Goalkeeper,Brescia,28,1995,25,25,2250,77,26,30,63,65,41,92,92,17,53,32,36,33,64,79,48,36,94,45,58,84,37
Luca Maniero,it ITA,Goalkeeper,Cittadella,28,1995,3,3,270,77,62,81,73,15,18,36,43,45,73,46,13,24,27,12,6,6,31,88,87,91,6
Lucas Acosta,ar ARG,Goalkeeper,Sarmiento,28,1995,23,23,2070,70,57,77,82,43,57,36,43,48,78,87,8,8,94,88,37,23,31,86,86,30,25
Lucas Arcanjo,br BRA,Goalkeeper,Vitória,25,1998,37,37,3330,43,51,58,48,49,54,36,90,37,29,42,39,22,48,87,52,25,69,21,53,23,39
Lucas Hoyos,ar ARG,Goalkeeper,Newell's OB,34,1989,11,11,976,85,15,21,79,72,57,36,97,26,75,66,52,9,32,53,77,56,90,78,76,70,77
Lucas Paes,br BRA,Goalkeeper,Casa Pia,25,1997,4,3,273,30,61,52,11,15,18,36,43,44,32,22,63,95,22,45,87,88,31,14,27,70,88
Lucas Pirard,be BEL,Goalkeeper,Kortrijk,28,1995,9,9,810,66,62,81,87,15,18,36,43,50,96,95,43,48,89,91,88,71,31,83,87,69,67
Lucão,br BRA,Goalkeeper,RB Bragantino,22,2001,8,6,631,53,58,69,31,15,18,36,43,35,17,41,18,41,81,98,31,65,31,33,66,10,17
Luis Barraza,us USA,Goalkeeper,NYCFC,27,1996,1,0,79,1,86,4,11,15,18,36,43,98,29,8,78,27,20,10,80,6,31,3,0,94,93
Luis Cárdenas,mx MEX,Goalkeeper,Monterrey,29,1993,2,2,180,77,83,94,90,15,18,36,43,45,43,20,99,98,10,49,68,28,31,88,93,86,69
Luis Ingolotti,ar ARG,Goalkeeper,Cen. Córdoba–SdE,24,2000,26,26,2340,51,45,48,51,53,54,83,43,40,33,47,26,61,25,23,60,58,75,41,46,26,74
Luis Mejía,pa PAN,Goalkeeper,uy Nacional,32,1991,8,8,720,65,18,18,81,15,18,36,43,27,13,9,3,43,16,5,35,16,31,45,31,59,65
Luis Ángel Malagón,mx MEX,Goalkeeper,América,26,1997,29,29,2565,90,15,25,88,33,41,36,43,23,38,32,33,24,48,45,33,23,31,86,82,53,34
Luiz Lúcio Reis Júnior,br BRA,Goalkeeper,Famalicão,22,2001,33,33,2970,60,52,64,53,84,57,93,96,60,68,55,61,92,52,52,90,84,95,86,70,77,89
Luka Gavran,ca CAN,Goalkeeper,Toronto FC,23,2000,9,9,810,15,84,78,48,15,18,36,43,85,38,27,49,60,42,21,39,76,31,25,27,66,50
Luuk Koopmans,nl NED,Goalkeeper,Fortuna Sittard,29,1993,5,5,450,59,31,34,83,15,18,36,43,58,73,92,42,18,42,17,90,90,31,83,47,13,95
Léo Jardim,br BRA,Goalkeeper,Vasco da Gama,28,1995,38,38,3420,39,82,85,45,15,18,36,43,73,56,43,19,54,63,71,50,23,31,75,71,71,42
Maarten Paes,id IDN,Goalkeeper,FC Dallas,25,1998,30,30,2700,26,86,86,37,86,80,94,43,75,34,24,61,49,39,30,20,79,91,37,49,66,23
Maarten Vandevoordt,be BEL,Goalkeeper,Genk,21,2002,30,30,2700,71,33,44,73,46,50,77,43,33,68,68,79,38,19,44,77,42,69,73,69,54,79
Mads Hermansen,dk DEN,Goalkeeper,Leicester City,23,2000,44,44,3960,84,23,32,68,31,18,72,43,23,18,21,98,67,1,11,38,89,64,71,75,28,58
Magrão,br BRA,Goalkeeper,Rio Ave,23,2000,7,7,630,27,54,38,31,59,72,36,43,78,22,20,46,91,55,16,21,65,31,46,20,35,28
Manaf Nurudeen,gh GHA,Goalkeeper,Eupen,24,1999,2,2,180,77,38,55,90,94,97,36,43,33,85,97,85,18,99,98,68,85,31,77,81,10,31
Manuel Roffo,ar ARG,Goalkeeper,Instituto,23,2000,27,27,2430,63,22,23,58,49,50,83,43,26,71,62,24,13,42,72,89,27,75,40,41,72,83
Marcelo Barovero,ar ARG,Goalkeeper,Banfield,39,1984,2,2,118,90,1,2,11,15,18,36,43,5,25,21,57,20,92,66,48,6,31,38,5,38,42
Marcelo Carné,br BRA,Goalkeeper,Estoril,33,1990,22,22,1979,53,66,78,78,43,44,86,43,59,25,37,38,82,88,70,41,44,79,78,78,16,33
Marcelo Lomba,br BRA,Goalkeeper,br Palmeiras,37,1986,2,2,180,37,38,29,11,15,18,36,43,20,4,2,8,72,62,38,68,28,31,10,24,38,72
Marcelo Miño,ar ARG,Goalkeeper,Barracas Central,26,1997,10,10,900,45,93,97,83,46,59,36,43,66,91,84,32,84,86,88,33,18,31,73,89,70,24
Marco Pissardo,it ITA,Goalkeeper,Bari,25,1998,6,5,481,28,43,26,42,15,18,36,43,36,19,23,18,97,67,28,94,33,31,9,14,32,96
Marcos Felipe,br BRA,Goalkeeper,Bahia,27,1996,34,34,2996,52,57,64,61,43,47,77,43,42,43,19,84,87,24,53,90,94,69,46,60,88,89
Marcos Ignacio Ledesma,ar ARG,Goalkeeper,Gimnasia–LP,27,1996,18,18,1620,93,10,25,90,36,18,36,96,5,66,66,20,83,84,78,95,74,83,66,93,50,92
Mark Spenkelink,nl NED,Goalkeeper,RKC Waalwijk,26,1997,1,1,90,15,99,99,11,98,18,36,100,98,89,80,80,43,96,82,68,65,99,99,94,77,53
Mark Travers,ie IRL,Goalkeeper,Stoke City,24,1999,13,13,1170,46,71,77,33,62,54,36,97,48,89,90,75,67,75,37,68,58,88,41,66,46,73
Martin Delavallée,be BEL,Goalkeeper,Charleroi,19,2004,1,0,1,97,0,0,11,15,18,36,43,0,100,100,99,1,100,99,6,6,31,52,0,99,6
Martín Parra,cl CHI,Goalkeeper,cl Huachipato,23,2000,6,6,540,37,38,29,73,68,80,36,43,68,59,66,44,32,62,79,6,80,31,62,24,41,6
Mason Stajduhar,us USA,Goalkeeper,Orlando City,26,1997,5,5,388,20,94,94,51,94,96,36,43,94,12,7,10,86,15,5,60,59,31,93,64,69,91
Mateo Clemente,ar ARG,Goalkeeper,San Lorenzo,21,2002,1,1,90,77,3,3,11,15,18,36,43,2,1,0,0,6,1,0,6,65,31,6,7,0,6
Mateus Claus,br BRA,Goalkeeper,Juventude,29,1994,5,4,406,9,96,97,11,15,18,36,43,91,35,62,51,68,81,95,22,42,31,22,56,16,15
Mateus Pasinato,br BRA,Goalkeeper,Cuiabá,31,1992,2,2,180,77,23,29,90,15,18,36,43,12,51,24,4,43,62,19,6,6,31,26,63,91,6
Matheus,br BRA,Goalkeeper,Braga,31,1992,34,34,3060,39,29,22,40,80,83,36,90,53,50,40,69,55,48,25,44,94,69,33,22,69,51
Matheus Cunha,br BRA,Goalkeeper,Flamengo,22,2001,3,3,270,77,19,23,96,15,18,36,43,7,63,26,88,24,8,29,68,42,31,17,57,96,78
Matheus Donelli,br BRA,Goalkeeper,Corinthians,21,2002,7,7,630,27,87,84,11,87,72,96,43,61,18,23,27,50,52,76,13,14,95,18,43,26,12
Matheus Mendes,br BRA,Goalkeeper,Atlético Mineiro,24,1999,13,12,1087,23,84,80,25,68,54,92,43,93,16,7,28,51,30,43,47,74,88,89,33,82,48
Mathew Ryan,au AUS,Goalkeeper,AZ Alkmaar,31,1992,29,29,2610,83,30,44,87,46,59,36,43,26,76,48,87,88,8,21,73,84,31,71,77,92,83
Matija Šarkić,me MNE,Goalkeeper,Millwall,26,1997,32,32,2880,69,18,18,81,75,66,88,43,30,71,84,33,19,57,58,78,78,83,63,36,24,75
Matt Freese,us USA,Goalkeeper,NYCFC,25,1998,34,34,2981,47,72,79,33,62,66,77,43,67,11,25,85,91,34,27,55,65,69,80,66,12,64
Matt Ingram,eng ENG,Goalkeeper,Hull City,29,1993,10,9,819,35,16,8,28,15,18,36,43,22,12,39,96,62,5,65,83,31,31,9,9,6,80
Mattijs Branderhorst,nl NED,Goalkeeper,Utrecht,29,1993,5,5,450,77,17,19,94,77,86,36,43,21,63,53,46,43,14,56,93,53,31,56,48,71,92
Matías Mansilla,ar ARG,Goalkeeper,ar Estudiantes–LP,27,1996,32,32,2880,53,29,29,35,53,66,36,43,42,22,17,13,67,46,47,68,40,31,48,41,44,70
Mauro Vigorito,it ITA,Goalkeeper,Como,33,1990,1,0,22,97,42,90,99,15,18,36,43,10,1,2,68,47,7,4,99,6,31,97,98,0,99
Max O'Leary,ie IRL,Goalkeeper,Bristol City,26,1996,46,46,4140,66,42,55,63,49,57,72,43,25,64,82,85,85,14,29,51,87,64,43,75,21,58
Maxence Prevot,fr FRA,Goalkeeper,OH Leuven,26,1997,11,11,990,19,77,60,40,86,83,93,43,74,76,71,65,93,81,85,92,31,90,16,18,64,85
Maxime Crépeau,ca CAN,Goalkeeper,Portland Timbers,29,1994,20,20,1757,18,57,35,24,62,59,36,94,80,79,58,84,74,37,39,89,89,79,19,13,87,90
Maxime Dupé,fr FRA,Goalkeeper,Anderlecht,30,1993,7,7,630,77,20,26,66,87,93,36,43,20,22,18,86,12,16,56,55,65,31,52,61,41,54
Michael Brouwer,nl NED,Goalkeeper,Heracles Almelo,30,1993,34,34,3060,9,95,94,30,62,74,36,43,91,81,91,77,64,80,83,57,30,31,26,43,26,44
Michael Cooper,eng ENG,Goalkeeper,Plymouth Argyle,23,1999,19,19,1710,54,54,65,71,49,44,86,43,50,52,85,87,98,86,79,96,30,79,63,71,10,92
Michael Verrips,nl NED,Goalkeeper,Fortuna Sittard,26,1996,12,12,1080,22,46,29,37,15,18,36,43,48,81,92,38,4,42,52,60,42,31,9,14,21,60
Michele Avella,it ITA,Goalkeeper,Brescia,23,2000,5,4,405,50,91,93,48,96,96,98,43,80,43,68,36,75,76,43,95,16,96,92,76,16,96
Mickey van der Hart,nl NED,Goalkeeper,Heerenveen,29,1994,12,12,1080,8,74,46,56,41,54,36,43,78,75,73,67,30,46,66,32,20,31,8,12,53,27
Miguel Carvalho,pt POR,Goalkeeper,Farense,27,1996,2,2,180,5,83,55,11,15,18,36,43,95,43,31,17,94,62,33,68,6,31,26,11,62,75
Miguel Jiménez Ponce,mx MEX,Goalkeeper,Guadalajara,33,1990,16,15,1425,50,47,48,71,89,91,88,43,59,37,40,16,29,60,30,15,45,83,68,45,41,15
Mika,pt POR,Goalkeeper,Moreirense,32,1991,1,0,14,97,0,0,11,15,18,36,43,0,99,99,99,93,96,92,99,6,31,52,0,97,99
Mike Hauptmeijer,nl NED,Goalkeeper,Zwolle,26,1997,2,2,180,37,83,88,11,94,97,36,43,89,43,77,93,97,93,89,98,97,31,93,72,8,97
Mio Backhaus,de GER,Goalkeeper,Volendam,19,2004,33,32,2881,6,97,97,24,32,38,36,43,95,91,94,88,75,78,75,85,78,31,43,50,36,77
Mirko Pigliacelli,it ITA,Goalkeeper,Palermo,30,1993,36,36,3240,42,46,46,56,41,47,77,43,42,59,40,81,22,22,73,44,74,69,25,37,81,36
Moisés Ramírez,ec ECU,Goalkeeper,ec Independiente,23,2000,5,5,450,45,5,2,44,15,18,36,43,29,16,5,49,12,16,7,13,76,31,15,2,90,15
Mosquito,br BRA,Goalkeeper,Arouca,27,1996,2,2,180,5,23,6,11,15,18,36,43,76,71,52,97,11,29,27,26,97,31,5,3,85,29
Mouhamadou Sarr,sn SEN,Goalkeeper,Cremonese,26,1997,12,12,1080,77,29,42,56,68,54,92,43,17,19,20,47,94,13,60,94,14,88,45,74,33,94
Muriel Becker,br BRA,Goalkeeper,Vitória,36,1987,1,1,90,97,3,14,98,15,18,36,43,4,98,92,21,6,88,91,68,6,31,95,98,97,45
Mycael,br BRA,Goalkeeper,Ath Paranaense,19,2004,19,17,1565,58,65,74,51,53,18,96,43,51,59,52,5,21,51,55,14,17,94,75,69,64,13
Nahuel Guzmán,ar ARG,Goalkeeper,UANL,37,1986,24,24,2160,65,45,63,66,41,54,36,43,26,66,46,91,62,31,24,78,91,31,43,82,84,87
Nahuel Losada,ar ARG,Goalkeeper,Belgrano,30,1993,22,22,1980,60,59,76,84,59,72,36,43,47,50,54,49,89,60,77,68,75,31,74,84,45,55
Nahuel Manganelli,ar ARG,Goalkeeper,Deportivo Riestra,22,2001,2,2,180,77,23,29,11,15,18,36,43,45,85,95,5,6,97,97,68,99,31,88,63,19,33
Nathan Bishop,eng ENG,Goalkeeper,Sunderland,23,1999,1,1,90,15,3,0,11,15,18,36,43,29,2,9,65,18,62,5,6,6,31,4,0,2,6
Neil Etheridge,ph PHI,Goalkeeper,Birmingham City,33,1990,2,2,180,37,7,3,11,15,18,36,43,45,4,67,80,96,50,7,92,28,31,22,3,1,97
Nelson Insfrán,ar ARG,Goalkeeper,Gimnasia–LP,28,1995,9,9,809,57,38,43,28,15,18,36,43,18,75,55,37,73,55,71,88,65,31,18,54,87,82
Nicholas Hagen,gt GUA,Goalkeeper,Columbus Crew,27,1996,4,3,326,46,94,96,63,87,93,36,43,80,3,10,69,55,39,18,15,31,31,90,87,3,18
Nick Gillekens,be BEL,Goalkeeper,Westerlo,28,1995,4,4,360,5,87,76,11,15,18,36,43,78,95,77,92,65,25,89,68,96,31,5,18,96,48
Nick Olij,nl NED,Goalkeeper,Sparta R'dam,27,1995,34,34,3060,43,64,69,53,62,57,77,90,59,96,93,91,31,39,90,76,72,83,58,58,80,54
Nicola Ravaglia,it ITA,Goalkeeper,Sampdoria,34,1988,1,1,90,77,38,55,11,15,18,36,43,92,79,93,87,72,97,93,6,6,31,98,81,16,6
Nicolás Sumavil,ar ARG,Goalkeeper,Platense,24,1999,1,1,90,97,3,14,98,15,18,36,43,2,63,80,0,1,42,5,68,6,31,88,98,23,92
Nordin Bakker,nl NED,Goalkeeper,Almere City,25,1997,29,29,2596,22,85,84,69,59,59,77,43,89,96,97,72,13,63,42,62,71,69,67,42,31,68
Nordin Jackers,be BEL,Goalkeeper,Club Brugge,25,1997,3,2,261,71,44,60,75,96,18,36,99,22,96,83,62,14,91,15,73,68,99,52,79,95,88
Novak Mićović,rs SRB,Goalkeeper,LA Galaxy,22,2001,2,2,180,77,12,14,90,15,18,36,43,3,4,1,55,90,85,8,6,65,31,8,39,59,6
Nícolas Andrade,br BRA,Goalkeeper,Pisa,35,1988,31,31,2790,48,33,32,51,65,76,36,43,50,37,27,75,16,9,49,85,57,31,48,34,64,84
Odysseas Vlachodimos,gr GRE,Goalkeeper,Benfica,29,1994,1,1,90,3,38,3,11,98,98,36,43,97,22,5,4,6,14,14,68,65,31,15,1,94,86
Oliver Semmle,de GER,Goalkeeper,Philadelphia Union,25,1998,17,14,1408,21,72,62,58,56,69,36,43,87,49,51,32,47,33,32,22,51,31,56,25,47,25
Orlando Gil,py PAR,Goalkeeper,San Lorenzo,23,2000,1,1,90,77,12,14,11,15,18,36,43,29,22,36,4,43,97,49,68,6,31,68,39,16,69
Oscar Jiménez,mx MEX,Goalkeeper,América,34,1988,6,5,495,91,63,88,93,15,18,36,43,43,14,10,25,60,53,11,13,21,31,95,95,60,14
Patrick Schulte,us USA,Goalkeeper,Columbus Crew,22,2001,27,27,2430,68,34,45,79,39,50,36,43,37,15,11,74,72,16,11,24,61,31,71,68,49,38
Paul Nardi,fr FRA,Goalkeeper,Gent,29,1994,10,10,900,59,45,55,27,46,59,36,43,37,51,38,19,31,73,67,68,36,31,50,63,74,60
Pedro Gallese,pe PER,Goalkeeper,Orlando City,33,1990,29,29,2610,49,27,19,63,80,72,90,43,47,30,18,12,21,27,19,35,70,86,45,19,71,47
Pedro Rangel,br BRA,Goalkeeper,Atl Goianiense,23,2000,6,6,540,15,86,81,37,90,94,36,43,89,55,52,53,28,46,49,68,74,31,43,29,58,69
Pierre Patron,fr FRA,Goalkeeper,Charleroi,25,1997,4,4,360,8,79,55,56,15,18,36,43,91,87,65,48,82,13,33,92,65,31,25,13,91,93
Przemysław Tytoń,pl POL,Goalkeeper,Twente,36,1987,2,2,180,77,12,29,11,15,18,36,43,16,22,46,25,58,10,2,26,28,31,43,94,11,69
Rafael Cabral,br BRA,Goalkeeper,Grêmio,33,1990,6,5,457,33,58,51,44,77,86,36,43,76,61,66,28,39,82,47,63,23,31,66,30,42,67
Rafael Ferrario,ar ARG,Goalkeeper,Barracas Central,23,2000,8,8,720,77,23,36,56,15,18,36,43,16,95,92,14,15,81,91,85,50,31,43,79,68,62
Rafael Pires,br BRA,Goalkeeper,br São Paulo,34,1989,35,35,3180,87,20,32,85,36,47,36,43,12,39,15,25,50,38,20,28,29,31,45,83,90,40
Ramiro Macagno,ar ARG,Goalkeeper,Newell's OB,26,1997,14,13,1184,25,56,41,51,41,54,36,43,50,61,63,51,64,18,39,48,81,31,12,19,48,49
Ramón Pasquel,mx MEX,Goalkeeper,FC Juárez,27,1996,1,0,60,37,12,6,11,99,100,36,43,76,22,31,46,58,96,63,6,6,31,77,7,20,6
Randall Rodríguez,uy URU,Goalkeeper,Vélez Sarsfield,20,2003,1,1,90,97,3,14,98,15,18,36,43,2,79,55,65,90,93,8,6,65,31,82,98,89,6
Raúl Gudiño,mx MEX,Goalkeeper,Necaxa,27,1996,10,10,855,33,49,63,28,49,62,36,43,58,76,78,26,14,89,86,20,13,31,25,74,45,17
Ricardo Batista,pt POR,Goalkeeper,Casa Pia,36,1986,31,31,2785,40,63,66,71,32,38,36,43,57,54,69,50,30,86,80,68,31,31,45,50,30,54
Ricardo Gutiérrez,mx MEX,Goalkeeper,Mazatlán,26,1997,7,5,512,18,83,82,40,92,95,36,43,76,49,19,65,61,27,68,17,45,31,17,44,93,17
Ricardo Velho,pt POR,Goalkeeper,Farense,24,1998,32,32,2880,41,85,91,48,82,84,77,43,84,78,88,31,45,94,96,86,33,69,91,78,27,52
Riccardo Gagno,it ITA,Goalkeeper,Modena,26,1997,22,22,1927,65,15,16,79,59,57,86,43,19,72,69,73,28,21,67,75,59,79,30,27,60,66
Riccardo Melgrati,it ITA,Goalkeeper,Calcio Lecco 1912,29,1994,23,23,2025,9,87,77,26,82,89,36,43,84,78,68,56,34,69,58,20,46,31,11,20,76,20
Roberto Ramírez,ar ARG,Goalkeeper,Godoy Cruz,27,1996,1,1,90,77,38,55,11,15,18,36,43,45,89,46,93,18,0,14,68,97,31,88,81,97,86
Robin Roefs,nl NED,Goalkeeper,NEC Nijmegen,20,2003,5,4,420,68,33,44,86,15,18,36,43,36,93,86,71,58,90,91,97,39,31,71,68,78,93
Rodolfo Cota,mx MEX,Goalkeeper,León,36,1987,32,32,2880,43,36,33,48,75,84,36,43,45,22,14,28,75,50,54,57,68,31,36,31,53,56
Rodrigo Morínigo,py PAR,Goalkeeper,py Libertad,25,1998,6,6,540,50,62,70,37,15,18,36,43,68,83,57,57,15,73,29,13,42,31,83,62,92,13
Rodrigo Moura,br BRA,Goalkeeper,Chaves,27,1996,7,7,630,8,74,38,11,59,72,36,43,83,82,72,35,83,59,61,96,14,31,10,11,76,95
Rodrigo Rey,ar ARG,Goalkeeper,Independiente,32,1991,27,27,2430,93,12,23,93,49,50,83,43,13,73,61,34,26,65,37,81,35,75,84,86,78,82
Roman Bürki,ch SUI,Goalkeeper,St. Louis,33,1990,32,32,2821,25,69,65,48,75,76,77,43,87,77,70,77,38,18,29,19,80,69,71,34,71,21
Roman Celentano,us USA,Goalkeeper,FC Cincinnati,23,2000,30,30,2700,45,48,52,51,68,80,36,43,53,19,15,34,53,40,22,60,56,31,45,51,46,76
Rome-Jayden Owusu-Oduro,nl NED,Goalkeeper,AZ Alkmaar,19,2004,4,4,360,25,46,42,11,15,18,36,43,64,71,69,81,22,8,14,6,78,31,19,29,58,6
Ronaldo,br BRA,Goalkeeper,Atl Goianiense,27,1996,32,32,2879,43,53,52,42,82,69,93,43,50,64,54,22,29,53,40,81,52,90,38,42,70,82
Ryan Allsop,eng ENG,Goalkeeper,Hull City,31,1992,37,37,3321,55,35,38,61,41,54,36,43,17,25,56,98,12,4,38,56,73,31,16,47,6,59
Ryan Meara,us USA,Goalkeeper,NY Red Bulls,33,1990,7,7,630,88,5,5,86,15,18,36,43,6,18,51,22,72,26,3,31,79,31,28,17,6,68
Rúnar Alex Rúnarsson,is ISL,Goalkeeper,Cardiff City,28,1995,6,6,540,50,38,37,37,15,18,36,43,64,27,27,75,82,42,16,54,56,31,80,40,37,73
Samuel Soares,pt POR,Goalkeeper,Benfica,21,2002,5,5,450,94,5,7,94,77,86,36,43,5,8,6,27,43,37,12,51,53,31,63,72,48,74
Samuel Şahin-Radlinger,at AUT,Goalkeeper,Almere City,30,1992,6,5,464,62,69,82,42,15,18,36,43,48,94,98,71,13,66,40,32,96,31,78,83,12,33
Santiago Mele,uy URU,Goalkeeper,co Junior,26,1997,8,8,720,87,43,68,56,53,66,36,43,32,54,67,44,37,83,77,78,16,31,85,88,31,63
Sean Johnson,us USA,Goalkeeper,Toronto FC,34,1989,25,25,2250,26,55,42,53,77,86,36,43,74,30,45,63,43,38,26,41,81,31,36,23,22,48
Sebastian Breza,ca CAN,Goalkeeper,CF Montréal,25,1998,1,1,90,15,98,98,11,98,98,36,43,97,22,93,21,43,99,99,6,6,31,97,90,2,6
Sebastiano Desplanches,it ITA,Goalkeeper,Palermo,20,2003,2,2,180,77,12,14,90,15,18,36,43,6,85,82,58,6,42,93,26,85,31,15,39,57,18
Sebastián Britos,uy URU,Goalkeeper,pe Universitario,36,1988,6,6,540,37,9,5,11,15,18,36,43,59,77,61,2,9,58,29,88,28,31,40,5,82,91
Sebastián Jurado,mx MEX,Goalkeeper,Cruz Azul,25,1997,17,17,1478,33,49,41,30,53,47,88,43,71,15,27,23,26,79,61,29,25,83,56,25,18,26
Sebastián Lentinelly,uy URU,Goalkeeper,uy Liverpool,26,1997,3,3,270,3,96,94,11,90,94,36,43,96,10,57,29,43,42,55,6,65,31,13,18,3,6
Sebastián Meza,ar ARG,Goalkeeper,Huracán,23,2000,3,3,270,50,62,70,96,15,18,36,43,69,43,57,54,32,33,49,68,20,31,84,62,25,69
Sebastián Moyano,ar ARG,Goalkeeper,Barracas Central,33,1990,9,9,810,57,66,81,48,90,94,36,43,65,50,32,30,90,96,94,93,88,31,87,84,80,74
Semuel Pizzignacco,it ITA,Goalkeeper,FeralpiSalò,21,2001,38,38,3420,27,52,38,28,84,87,77,43,56,91,85,47,25,71,73,41,34,69,15,19,65,33
Seny Dieng,sn SEN,Goalkeeper,Middlesbrough,28,1994,35,35,3149,49,28,26,66,43,57,36,43,40,27,35,91,56,12,38,54,86,31,37,30,25,56
Sergio Rochet,uy URU,Goalkeeper,Internacional,30,1993,28,28,2520,83,25,35,66,49,62,36,43,17,47,43,30,29,17,22,77,83,31,52,73,51,88
Sergio Romero,ar ARG,Goalkeeper,Boca Juniors,36,1987,16,16,1431,84,30,43,69,36,18,88,43,33,8,23,31,84,71,70,42,19,83,83,75,7,35
Simon Mignolet,be BEL,Goalkeeper,Club Brugge,35,1988,28,28,2439,83,16,19,73,33,18,36,92,15,72,41,78,48,19,6,62,91,75,46,57,92,91
Sinan Bolat,tr TUR,Goalkeeper,Westerlo,34,1988,26,26,2340,28,76,74,42,53,66,36,43,73,46,51,78,47,44,41,49,40,31,38,42,39,50
Spencer Richey,us USA,Goalkeeper,Chicago Fire,31,1992,1,1,90,77,38,55,11,15,18,36,43,45,22,63,29,72,78,82,6,92,31,88,81,5,6
Stefan Frei,ch SUI,Goalkeeper,Seattle Sounders,37,1986,29,29,2464,82,24,30,83,49,62,36,43,19,36,36,31,30,54,42,63,24,31,50,65,43,71
Steve Clark,us USA,Goalkeeper,Houston Dynamo,37,1986,31,31,2772,67,43,59,58,56,69,36,43,45,7,4,50,41,9,31,32,70,31,81,77,61,36
Stijn van Gassel,nl NED,Goalkeeper,Excelsior,26,1996,34,34,3060,10,91,85,40,36,47,36,43,83,97,97,94,81,58,75,84,35,31,14,29,46,76
Thiago Cardozo,uy URU,Goalkeeper,Unión,27,1996,26,26,2340,83,27,36,88,86,90,83,43,20,58,65,17,55,64,52,52,51,75,62,69,41,51
Thomas Hasal,ca CAN,Goalkeeper,LAFC,24,1999,1,1,90,3,95,88,11,15,18,36,43,95,22,46,46,43,62,0,6,6,31,10,13,11,6
Thyago Ayala,ar ARG,Goalkeeper,Sarmiento,22,2001,1,1,90,97,12,55,98,15,18,36,43,3,94,96,5,1,78,82,6,6,31,94,98,38,6
Théo Defourny,be BEL,Goalkeeper,RWDM,31,1992,30,30,2679,9,90,82,31,94,95,94,43,94,86,76,35,17,55,86,18,20,91,65,21,74,16
Tiago Volpi,br BRA,Goalkeeper,Toluca,32,1990,34,34,3060,56,49,60,58,36,47,36,43,40,57,49,80,49,22,32,41,65,31,56,64,66,45
Tim Melia,us USA,Goalkeeper,Sporting KC,37,1986,28,28,2520,20,55,32,28,72,50,95,43,82,33,60,48,51,37,8,23,50,93,28,13,15,38
Timon Wellenreuther,de GER,Goalkeeper,Feyenoord,27,1995,19,17,1598,93,6,10,95,36,47,36,43,7,43,35,92,66,2,7,79,96,31,62,71,55,94
Tobe Leysen,be BEL,Goalkeeper,OH Leuven,21,2002,16,16,1440,65,70,85,69,36,47,36,43,44,73,83,76,74,76,97,83,60,31,80,90,31,46
Tom Glover,au AUS,Goalkeeper,Middlesbrough,25,1997,12,11,991,47,51,55,26,15,18,36,43,40,10,29,88,84,22,72,53,90,31,32,49,8,44
Tom Hendriks,nl NED,Goalkeeper,Fortuna Sittard,21,2002,1,1,90,97,12,55,98,15,18,36,43,4,43,27,17,90,14,14,98,92,31,95,98,73,99
Tom Vandenberghe,be BEL,Goalkeeper,Kortrijk,30,1992,21,21,1890,8,91,86,24,46,44,36,94,92,74,80,56,69,48,71,84,54,79,30,30,40,77
Tommaso Vitali,it ITA,Goalkeeper,Ternana,23,1999,6,6,540,77,74,88,90,68,80,36,43,62,89,90,52,53,73,92,94,56,31,93,90,44,83
Tommy Simkin,eng ENG,Goalkeeper,Stoke City,18,2004,1,1,90,77,3,3,11,15,18,36,43,3,89,96,46,72,42,74,6,6,31,7,7,22,6
Tomás Durso,ar ARG,Goalkeeper,Atlé Tucumán,24,1999,27,27,2430,77,24,30,84,49,50,83,43,21,92,88,9,4,70,69,30,59,75,56,65,65,25
Tomás Marchiori,ar ARG,Goalkeeper,Vélez Sarsfield,28,1995,26,26,2301,94,10,25,94,53,54,83,43,6,33,39,36,79,59,36,33,55,75,71,92,35,35
Tyler Miller,us USA,Goalkeeper,D.C. United,30,1993,5,5,450,3,88,44,11,93,95,36,43,93,98,98,83,5,70,33,51,97,31,4,5,45,56
Umberto Saracco,it ITA,Goalkeeper,Calcio Lecco 1912,29,1994,13,12,1125,28,49,36,71,65,54,36,97,27,88,75,54,81,92,75,51,27,88,8,19,83,42
Valentin Cojocaru,ro ROU,Goalkeeper,OH Leuven,27,1995,3,3,270,5,74,23,11,99,99,36,43,97,55,6,61,90,27,10,39,42,31,65,4,99,60
Vasilios Barkas,gr GRE,Goalkeeper,Utrecht,29,1994,29,29,2610,40,75,79,37,68,72,77,43,64,69,68,62,65,60,39,84,65,69,63,62,52,87
Viktor Johansson,se SWE,Goalkeeper,Rotherham Utd,24,1998,45,44,3961,18,89,89,28,49,57,36,88,89,98,98,76,10,73,87,89,87,64,56,44,67,76
Vinicius Dias,br BRA,Goalkeeper,Gil Vicente FC,26,1997,2,2,180,3,83,29,11,15,18,36,43,88,11,13,8,43,69,87,26,6,31,2,4,29,20
Vinicius Silvestre,br BRA,Goalkeeper,Portimonense,29,1994,14,14,1260,6,85,74,25,80,87,36,43,90,86,77,40,39,89,92,80,25,31,12,18,73,54
Vitor Eudes,br BRA,Goalkeeper,Fluminense,25,1998,1,1,90,15,74,55,11,15,18,36,43,71,43,71,61,72,93,49,6,97,31,13,16,13,6
Václav Hladký,cz CZE,Goalkeeper,Ipswich Town,32,1990,46,46,4139,56,26,27,68,39,41,36,88,31,28,13,91,36,4,34,44,95,64,33,52,82,49
Walter,br BRA,Goalkeeper,Cuiabá,36,1987,36,36,3240,51,68,76,56,75,80,77,43,60,73,53,23,39,78,90,54,19,69,75,70,88,36
Walter Benítez,ar ARG,Goalkeeper,PSV Eindhoven,30,1993,33,33,2964,93,5,8,93,43,57,36,43,6,34,11,61,19,10,6,43,81,31,71,79,93,75
Warleson,br BRA,Goalkeeper,Cercle Brugge,26,1996,30,30,2700,64,42,55,79,32,18,77,43,47,95,95,35,2,23,24,18,90,69,80,74,52,22
Washington Aguerre,uy URU,Goalkeeper,uy Peñarol,30,1993,8,8,674,84,53,75,92,56,69,36,43,24,55,82,2,3,86,89,83,70,31,73,88,14,61
William Yarbrough,us USA,Goalkeeper,SJ Earthquakes,34,1989,19,19,1710,7,80,51,24,93,95,36,43,88,74,48,33,67,49,74,77,34,31,11,11,91,65
Wuilker Faríñez,ve VEN,Goalkeeper,ve Caracas,25,1998,5,5,369,2,94,50,11,15,18,36,43,93,39,34,4,38,92,95,14,27,31,1,4,52,13
Wéverton,br BRA,Goalkeeper,br Palmeiras,36,1987,44,44,3960,86,34,59,84,34,37,36,88,24,40,55,44,63,31,18,61,55,64,80,86,28,81
Yohei Takaoka,jp JPN,Goalkeeper,Vancouver W'caps,27,1996,33,33,2970,42,38,33,45,72,74,77,43,62,43,38,43,16,22,41,37,31,69,62,28,49,40
Zac MacMath,us USA,Goalkeeper,Real Salt Lake,32,1991,23,23,2070,57,48,62,58,43,41,36,92,30,63,50,88,78,28,13,56,82,75,33,72,75,78
Zack Steffen,us USA,Goalkeeper,Colorado Rapids,28,1995,33,33,2970,26,67,61,40,43,47,36,90,55,47,54,48,60,53,24,22,95,69,14,31,36,26
Zion Suzuki,jp JPN,Goalkeeper,Sint-Truiden,20,2002,22,22,1980,32,58,51,51,83,90,36,43,67,60,56,95,88,10,57,94,51,31,41,29,57,94
Álvaro David Montero,co COL,Goalkeeper,co Millonarios,28,1995,6,6,540,15,68,55,11,68,80,36,43,90,43,48,7,13,64,3,39,14,31,46,23,35,81
Ángelo Campos,pe PER,Goalkeeper,pe Alianza Lima,30,1993,5,5,445,89,9,17,44,15,18,36,43,8,67,67,21,32,38,67,20,37,31,45,62,52,19
Éverson,br BRA,Goalkeeper,br Atlético Mineiro,33,1990,38,38,3412,66,20,21,79,65,69,77,43,31,35,22,53,36,34,26,29,76,69,56,42,75,35
Óscar Ustari,ar ARG,Goalkeeper,Inter Miami,37,1986,4,4,360,37,65,68,56,15,18,36,43,76,79,62,46,82,85,53,26,95,31,77,47,85,25
